sample_id;reading_no;duration;time;user;sigma_value;units;batch;heat;lot;note_xrf;sample_measurement_id;mode;Bal;Mg;Al;Si;P;S;Cl;K;Ca;V;Cr;Mn;Fe;Co;Ni;Cu;Zn;As;Se;Rb;Sr;Y;Zr;Nb;Mo;Pd;Ag;Cd;Sn;Sb;Ba;Hf;Ta;W;Re;Au;Hg;Ti;Pb;Bi;Th;U
54;679;130.09;m�n feb 17, 2020 - 11:11:21;User;2;%;;;;;54;Mining;57.5725;;0.3819;40.5732;0.0837;0.2879;0.5319;0.2533;0.0983;;0.0037;;0.0488;;;0.0007;0.0016;0.0002;;0.0005;0.0002;0.0001;0.0137;;;;;;0.0006;;0.012;;;;;;;0.0382;0.0021;;;
55;680;132.55;m�n feb 17, 2020 - 11:14:28;User;2;%;;;;;55;Mining;54.1851;;0.5447;43.9839;0.04;0.0648;0.6425;0.1905;0.0322;;0.0039;;0.1241;;;;;;;;0.0005;;0.0044;;;;;;;;0.009;;;;;;;0.0133;;;;
56;681;131.54;m�n feb 17, 2020 - 11:17:37;User;2;%;;;;;56;Mining;57.243;;0.4123;41.1504;0.0422;0.0805;0.4932;0.1686;0.0473;;0.0015;;0.1458;;;;0.0003;;;;;;0.009;;;;;;;;0.0079;;;;;;;0.0441;;;0.0002;
57;682;132.4;m�n feb 17, 2020 - 11:20:36;User;2;%;;;;;57;Mining;55.506;;0.5054;43.4256;0.0381;0.0538;0.2095;0.0816;0.0414;;0.0079;;0.0233;;;;0.001;;;;;;;;;;;;;;0.0045;;;;;;;0.0043;;;;
58;683;133.07;m�n feb 17, 2020 - 11:23:32;User;2;%;;;;;58;Mining;54.7174;0.3578;1.6538;42.3016;0.0588;0.0628;0.3597;0.2932;0.0379;;0.0036;;0.1277;;;;;;;0.0005;0.002;;0.0007;;;0.0003;;0.0005;0.0004;;0.0072;;;;;;;0.0124;;;;
152;779;134.74;tis feb 18, 2020 - 13:03:37;User;2;%;;;;;152;Mining;59.5418;;1.1548;38.3991;0.0548;0.0786;0.2076;0.196;0.0881;0.0006;;;0.0647;;;;;;;0.0001;0.0029;;0.0013;;;;;;0.0009;;0.0138;;;;;;;0.0204;;;;
153;780;132.97;tis feb 18, 2020 - 13:07:17;User;2;%;;;;;153;Mining;0.021;;4.2519;91.4807;1.0509;0.8968;0.5625;0.8226;0.2965;;0.0146;0.1913;0.0127;0.0044;;;;;;;;;;;;;;;0.0057;;0.1836;;;;;;;0.2048;;;;
167;794;134.33;tis feb 18, 2020 - 13:52:56;User;2;%;;;;;167;Mining;57.8659;0.4005;2.2106;38.0325;0.1915;0.179;0.539;0.3333;0.0675;;0.0044;;0.1132;;;;;0.0002;;;0.0023;;0.0043;;;;;;0.001;;0.0129;;;;;;;0.0419;;;0.0001;
168;796;133.05;tis feb 18, 2020 - 13:56:37;User;2;%;;;;;168;Mining;54.9421;0.2252;1.1208;43.2094;0.1178;0.069;0.0118;0.1055;0.0278;;0.0043;;0.1004;;;;0.0006;0.0002;;0.0002;0.0004;;0.0063;;;;;;0.0007;;0.0148;;;;;;;0.0413;0.0013;;;
169;797;132.79;tis feb 18, 2020 - 13:59:56;User;2;%;;;;;169;Mining;54.0463;0.2809;0.7398;44.4105;0.0721;0.0407;0.0714;0.0722;0.0129;;0.0034;;0.1112;;;;;;;;0.0004;;0.0177;;;;;;;;0.005;;;;;;;0.1152;;;0.0002;
170;798;131.67;tis feb 18, 2020 - 14:03:04;User;2;%;;;;;170;Mining;54.8846;0.2956;1.2097;42.8347;0.1611;0.0717;0.1179;0.177;0.0437;;0.0037;0.0143;0.1359;;;;;;;0.0003;0.0002;;0.0041;;;;;;;;0.003;;;;;;;0.0423;;;;
171;799;132.28;tis feb 18, 2020 - 14:06:15;User;2;%;;;;;171;Mining;60.0412;;0.6173;38.5737;;0.0209;0.0211;0.5066;0.0124;;0.0004;;0.0107;;;;;;;0.001;0.0002;;0.0008;;;;;;;;0.0178;;;;;;;0.0233;;;;
172;800;133.29;tis feb 18, 2020 - 14:09:24;User;2;%;;;;;172;Mining;56.661;;0.4162;42.3554;0.0344;0.0472;0.1887;0.1027;0.0243;;0.0038;;0.0457;;;;;;;;0.0008;;0.0011;;;;;;0.0007;;0.0093;;;;;;;0.1087;;;;
173;801;133.3;tis feb 18, 2020 - 14:14:08;User;2;%;;;;;173;Mining;56.0355;;0.9622;42.4465;0.1148;0.0523;0.0869;0.119;0.0263;;0.0021;;0.039;;;;;;;;;;;;;;;;;;0.0021;;;;;;;0.0176;;;;
174;802;131.76;tis feb 18, 2020 - 14:17:07;User;2;%;;;;;174;Mining;59.1231;;2.4956;36.597;0.2822;0.0514;0.3907;0.4822;0.0807;0.0005;0.0039;0.0205;0.2012;;;;0.0004;;;;0.0014;;0.0082;;;;;;;;0.0026;;;;;;;0.0658;;;;
175;803;132.6;tis feb 18, 2020 - 14:20:10;User;2;%;;;;;175;Mining;56.1271;;1.0277;42.3906;0.0292;0.0473;0.076;0.1913;0.0104;;0.0034;;0.0154;;;;;;;0.0005;0.0016;;0.001;;;;;;;;0.0193;;;;;;;0.0134;0.0006;;;
176;804;132.27;tis feb 18, 2020 - 14:23:11;User;2;%;;;;;176;Mining;55.5705;0.4727;0.7666;42.6495;0.0648;0.0474;0.0953;0.1344;0.0312;;0.0036;;0.1152;;;;;;;0.0001;0.0001;;0.0034;;;;;;;;0.0041;;;;;;;0.0411;;;;
177;805;133.4;tis feb 18, 2020 - 14:26:46;User;2;%;;;;;177;Mining;54.1257;0.41;1.844;43.2815;0.0491;0.0599;0.0457;0.1014;0.0202;;0.0025;;0.0307;;;;;;;0.0001;0.0025;;0.0014;;;;;;;;0.0091;;;;;;;0.0161;;;;
178;806;133.61;tis feb 18, 2020 - 14:31:33;User;2;%;;;;;178;Mining;0.0225;1.7348;1.4629;91.3758;1.8865;0.2771;1.355;0.6459;0.8493;;0.0185;0.1511;0.0135;0.0037;;;;;;;;;;;;;;;;;0.1081;;;;;;;0.0951;;;;
179;807;134.08;tis feb 18, 2020 - 15:07:20;User;2;%;;;;;179;Mining;54.804;0.3862;0.2322;44.0802;0.1037;0.0318;0.1476;0.1046;0.069;0.0005;0.0025;;0.0185;;;;;;;0.0004;;;0.0031;;;;;;0.0004;;0.0069;;;;;;;0.0084;;;;
180;808;133.09;tis feb 18, 2020 - 15:10:39;User;2;%;;;;;180;Mining;0.021;;3.7993;92.8501;0.2889;0.3038;0.9645;1.0071;0.2105;0.0027;0.0104;0.1758;0.0103;0.0028;;;;;;;;;;;;0.0023;;;;;0.1438;;;;;;;0.2067;;;;
181;809;132.6;tis feb 18, 2020 - 15:13:56;User;2;%;;;;;181;Mining;55.9414;0.3513;0.582;42.6167;0.0604;0.0556;0.142;0.1232;0.0348;;0.0006;;0.0533;;;;;;;0.0004;0.0001;;0.0039;;;;;;;;0.0204;;;;;;;0.014;;;;
182;810;133.64;tis feb 18, 2020 - 15:17:07;User;2;%;;;;;182;Mining;0.0062;1.2929;2.2825;94.1294;0.1424;0.2332;0.7214;0.3112;0.0675;;0.0254;0.1433;0.0099;0.003;;;;;;;;;;;;;;;;;0.1112;;;;;;;0.5206;;;;
183;811;132.03;tis feb 18, 2020 - 15:20:04;User;2;%;;;;;183;Mining;52.9709;0.7431;1.0377;44.6062;0.0351;0.0739;0.0891;0.1447;0.0097;;0.0051;;0.2017;;;;;;;0.0004;;0.0002;0.0073;;;;;;0.0005;;0.0152;;;;;;;0.0591;;;;
184;812;133.4;tis feb 18, 2020 - 15:23:14;User;2;%;;;;;184;Mining;56.4528;;0.8393;42.0745;0.0357;0.0638;0.2343;0.2228;0.0166;;0.0023;;0.0248;;;;;;;0.0004;0.0012;;0.0004;;;;;;;;0.0257;;;;;;;0.0054;;;;
185;813;133.01;tis feb 18, 2020 - 15:26:17;User;2;%;;;;;185;Mining;51.449;0.6623;1.5041;44.6906;0.0426;0.0719;0.2366;0.382;0.0675;0.0017;0.006;0.0046;0.662;;;;0.0027;;;0.0028;0.0002;0.003;0.0658;;;;;;0.0005;;0.0243;;;;;;;0.1172;0.0021;;0.0006;
186;814;133.07;tis feb 18, 2020 - 15:29:23;User;2;%;;;;;186;Mining;53.0497;0.5621;1.465;44.0541;0.0375;0.0685;0.1826;0.1278;0.0158;;0.0042;;0.3468;;;;;;;;0.0011;;0.011;;;;;;;;0.0079;;;;;;;0.066;;;;
187;815;135.22;tis feb 18, 2020 - 15:32:31;User;2;%;;;;;187;Mining;54.3193;0.2721;0.9328;43.3398;0.0163;0.0527;0.0534;0.1021;0.0184;0.0007;0.0032;;0.785;;;;0.0003;;;;0.0003;;0.0164;;;;;;0.0007;;0.0142;;;;;;;0.0721;;;0.0001;
188;817;132.19;tis feb 18, 2020 - 15:35:41;User;2;%;;;;;188;Mining;0.0172;;2.0826;95.5292;0.2166;0.5069;0.7053;0.3921;0.1176;;0.0256;0.1468;0.0103;0.0039;;;;;;;;;;;;;;;;;;;;;;;;0.246;;;;
189;818;134.18;tis feb 18, 2020 - 15:38:46;User;2;%;;;;;189;Mining;54.457;;1.0191;43.2435;0.0343;0.1463;0.1699;0.5467;0.0604;0.0004;0.0042;0.0234;0.0834;;;;;;;0.0013;0.0018;;0.0023;;;0.0004;0.0002;0.0003;;;0.0063;;;;;;;0.0311;;;;
190;819;131.97;tis feb 18, 2020 - 15:41:42;User;2;%;;;;;190;Mining;55.2525;0.4357;1.1341;42.4485;0.0308;0.0683;0.1913;0.1829;0.0274;;0.0028;;0.1627;;;;;;;0.0005;0.0007;;0.0072;;;;;;;;0.0134;;;;;;;0.0411;;;;
191;821;135.59;tis feb 18, 2020 - 15:48:48;User;2;%;;;;;191b;Mining;60.2911;;3.948;33.9645;0.1924;0.0455;0.3056;0.4271;0.1042;0.0034;0.0005;0.0058;0.5373;;;;;0.0001;;0.0001;0.0037;;0.0063;;;;;;0.0009;;0.007;;;;;;;0.0995;;;;
191;820;134.18;tis feb 18, 2020 - 15:45:33;User;2;%;;;;;191a;Mining;55.52;0.6575;1.8471;41.5214;0.0605;0.02;0.0893;0.1169;0.0246;0.0009;0.0038;;0.0608;;;;;0.0001;;;0.0023;;0.0082;;;;;;;;0.0124;;;;;;;0.0542;;;0.0002;
193;897;134.16;tor feb 27, 2020 - 14:49:39;User;2;%;;;;;193;Mining;0.0533;2.994;1.6241;93.5939;0.1164;0.1395;0.0671;0.4596;0.2195;0.018;;0.3809;;0.0061;;;;;;;;;;;;;;;;;0.1496;;;;;;;0.1778;;;;
194;890;134.27;tor feb 27, 2020 - 14:17:32;User;2;%;;;;;194;Mining;0.0228;;1.1868;94.7387;0.1121;0.3076;2.5021;0.4598;0.1674;;0.0254;0.1644;0.012;0.0046;;;;;;;;;;;;;;;0.0061;;0.1933;;;;;;;0.097;;;;
195;889;132.93;tor feb 27, 2020 - 14:14:15;User;2;%;;;;;195;Mining;57.6025;;0.4432;41.4993;;0.0757;0.119;0.1723;0.0334;0.0005;;;0.0217;;;;;;;0.0005;;;0.0021;;;;;;0.0005;;0.0101;;;;;;;0.0191;;;;
196;898;132.78;tor feb 27, 2020 - 14:52:50;User;2;%;;;;;196;Mining;55.3987;0.4367;0.9881;42.4179;0.0183;0.1297;0.1809;0.2034;0.0487;0.0006;0.0019;0.0052;0.1086;;;;;;;;0.0017;;0.0033;;;;;;0.0005;;0.0117;;;;;;;0.044;;;;
197;899;132.96;tor feb 27, 2020 - 14:56:33;User;2;%;;;;;197;Mining;0.0163;1.8005;2.0934;93.7836;0.0859;0.1812;0.6751;0.5754;0.141;0.0052;0.0145;0.1778;;0.0052;;;;;;;;;;;;;;;0.0037;;0.1316;;;;;;;0.3096;;;;
198;888;132.17;tor feb 27, 2020 - 14:11:16;User;2;%;;;;;198;Mining;56.1552;;0.6215;42.6729;0.0188;0.089;0.1677;0.1402;0.0328;;0.0033;;0.0505;;;;;;;0.0001;0.0002;;0.0019;;;;;;0.0006;;0.0139;;;;;;;0.0316;;;;
199;886;131.97;tor feb 27, 2020 - 14:02:10;User;2;%;;;;;199;Mining;62.6457;;0.3596;36.413;0.0194;0.0616;0.2988;0.0488;0.0385;;0.0024;;0.0799;;;;;;;;0.0018;;0.0031;;;;;;;;0.018;;;;;;;0.0095;;;;
200;887;133.21;tor feb 27, 2020 - 14:05:59;User;2;%;;;;;200;Mining;56.1802;;0.2066;43.272;0.0135;0.0184;;0.0294;0.0149;;0.0015;;0.0593;;;;;;;;0.0005;;0.0072;;;;;;0.0006;;0.0133;;;;;;;0.0623;;;;
201;891;133.64;tor feb 27, 2020 - 14:21:15;User;2;%;;;;;201;Mining;59.9268;0.2176;1.1127;38.0952;0.0778;0.1016;0.089;0.1288;0.0613;;0.0042;;0.1222;;;;;;;;0.0012;;0.0033;;;;;;;;0.0169;;;;;;;0.0415;;;;
204;894;131.59;tor feb 27, 2020 - 14:38:40;User;2;%;;;;;204;Mining;55.5517;0.3229;0.5432;42.9151;0.0368;0.0899;0.1813;0.1066;0.0273;;0.0027;;0.193;;;;;;;;0.0002;;0.0031;;;;;;0.0008;;0.0138;;;;;;;0.0113;;;0.0002;
207;885;133.99;tor feb 27, 2020 - 13:56:49;User;2;%;;;;;207;Mining;0.01;;1.9017;95.6636;0.1504;0.1643;0.6562;0.3957;0.1008;;0.013;0.2128;0.0064;0.0032;;;;;;;;;;;;;;;0.0116;;0.2169;;;;;;;0.4935;;;;
208;884;133.02;tor feb 27, 2020 - 13:53:28;User;2;%;;;;;208;Mining;54.8676;;0.4879;44.1986;0.0101;0.0308;0.0948;0.0594;0.0095;;0.0041;;0.1519;;;;;0.0001;;;0.0004;;0.0099;;;;;;0.0012;;0.0126;;;;;;;0.0608;;;0.0002;
210;880;133.25;ons feb 26, 2020 - 16:13:56;User;2;%;;;;;210;Mining;0.0383;;1.8134;95.1524;0.2574;0.2906;0.9706;0.5689;0.2693;0.0064;;0.316;;0.0077;;;;;;;;;;;;;;;0.0083;;0.1412;;;;;;;0.1597;;;;
212;879;132.87;ons feb 26, 2020 - 16:08:39;User;2;%;;;;;212;Mining;55.4212;;0.6806;43.4757;0.0116;0.0282;;0.0937;0.0127;0.0012;0.0032;;0.0637;;;;;;;0.0004;;0.0001;0.0196;;;;;;;;0.013;;;;;;;0.0985;;;0.0003;
213;878;132.86;ons feb 26, 2020 - 16:04:22;User;2;%;;;;;213;Mining;56.7193;;0.6995;42.0202;0.0117;0.0629;0.0463;0.1484;0.0406;0.0006;0.0017;;0.0675;;;;;;;0.0005;0.0006;;0.0107;;;;;;0.0006;;0.0153;;;;;;;0.0736;;;0.0002;
214;895;134.7;tor feb 27, 2020 - 14:42:42;User;2;%;;;;;214;Mining;0.0171;;3.3894;92.3954;0.3196;0.3634;1.7794;0.9266;0.2121;;0.0176;0.1688;0.0125;0.0022;;;;;;;;;;;;;;;0.0058;;0.1567;;;;;;;0.2334;;;;
215;896;132.17;tor feb 27, 2020 - 14:45:50;User;2;%;;;;;215;Mining;56.7119;;0.8483;41.8118;0.0341;0.0849;0.1042;0.1366;0.0274;;0.0025;;0.0326;;;;;;;0.0001;0.0007;;0.0014;;;;;;0.0007;;0.0183;;;;;;;0.0163;;;;
216;877;131.76;ons feb 26, 2020 - 16:00:17;User;2;%;;;;;216;Mining;55.1823;;1.2667;42.9629;0.0128;0.0371;;0.2664;0.0426;;0.0021;;0.1281;;;;;;;0.0007;0.0006;;0.0134;;;;;;0.0007;;0.0157;;;;;;;0.0662;;;;
217;843;132.54;ons feb 26, 2020 - 11:12:35;User;2;%;;;;;217;Mining;54.9079;;1.4939;43.086;0.0377;0.0542;0.1171;0.1736;0.0239;;0.002;;0.0405;;;;;;;0.0003;0.005;;0.0018;;;;;;;;0.0039;;;;;;;0.0212;;;;
221;847;131.34;ons feb 26, 2020 - 11:25:25;User;2;%;;;;;221;Mining;53.521;0.495;1.1157;44.4109;0.0144;0.0237;0.0446;0.0942;0.0186;;0.0033;;0.1777;;;;;;;;0.001;0.0001;0.0135;;;;;;;;0.0137;;;;;;;0.0524;;;0.0002;
227;833;133.1;ons feb 26, 2020 - 10:36:45;User;2;%;;;;;227;Mining;57.8721;;0.5578;41.0706;;0.0502;0.0269;0.1526;0.0227;;0.0021;;0.08;;;;;;;0.001;0.0001;;0.007;;;;;;0.0005;;0.013;;;;;;;0.0407;;;;
229;828;132.26;ons feb 26, 2020 - 10:17:46;User;2;%;;;;;229;Mining;54.4871;;0.3833;44.5976;0.0133;0.0567;0.1312;0.0685;0.022;;0.0023;;0.0368;;;;;;;0.0001;0.0009;;0.0018;;;;;;;;0.0112;;;;;;;0.016;;;;
230;837;134.6;ons feb 26, 2020 - 10:51:38;User;2;%;;;;;230;Mining;56.1158;;0.3059;43.2562;0.0127;0.0497;0.063;0.0971;0.0054;;0.001;;0.0125;;;;;;;0.0002;;;0.0023;;;;;;;;0.0076;;;;;;;0.0051;;;;
231;839;132.64;ons feb 26, 2020 - 10:58:45;User;2;%;;;;;231;Mining;;;2.5995;94.5699;0.3095;0.3092;1.1937;0.506;0.097;;0.0189;0.2042;0.0127;0.0021;;;;;;;;;;;;;;;;;0.0575;;;;;;;0.1487;;;;
232;838;132.35;ons feb 26, 2020 - 10:55:27;User;2;%;;;;;232;Mining;53.5175;;1.3943;44.3645;0.016;0.061;0.0423;0.2912;0.0567;0.0011;0.0028;;0.1621;;;;;;;0.001;0.0036;;0.0055;;;0.0004;0.0003;0.0008;0.0006;0.0004;;;;;;;;0.0343;;;0.0001;
233;840;132.65;ons feb 26, 2020 - 11:02:44;User;2;%;;;;;233;Mining;0.0187;1.0715;5.3974;91.355;0.3678;0.3103;0.4424;0.6369;0.1141;;0.02;0.1616;0.0098;0.0037;;;;;;;;;;;;0.0022;;0.0042;0.0024;0.0021;;;;;;;;0.0789;;;;
234;841;133.2;ons feb 26, 2020 - 11:06:16;User;2;%;;;;;234;Mining;0.0181;;0.9878;96.455;0.0997;0.1563;1.11;0.3755;0.1012;;0.0214;0.1839;0.0153;0.0023;;;;;;;;;;;;;;;;;0.118;;;;;;;0.3555;;;;
235;842;131.63;ons feb 26, 2020 - 11:09:10;User;2;%;;;;;235;Mining;54.5368;0.2752;0.604;43.7149;0.0527;0.1447;0.2936;0.1634;0.0373;;0.0031;;0.1161;;;;;;;0.0001;0.0011;;0.0103;;;;;;;;0.0115;;;;;;;0.0351;;;;
236;830;130.62;ons feb 26, 2020 - 10:25:55;User;2;%;;;;;236;Mining;53.0499;0.4915;2.1551;42.7267;0.101;0.11;0.1197;1.0474;0.021;0.0011;0.0037;;0.092;;;;;;;0.0028;0.0024;0.0001;0.01;;;0.0002;0.0002;0.0004;0.0004;;0.0114;;;;;;;0.0525;;;0.0003;
237;829;132.53;ons feb 26, 2020 - 10:21:11;User;2;%;;;;;237;Mining;54.1855;0.3637;1.1456;43.8793;0.045;0.0349;0.0528;0.1483;0.0262;0.0005;0.0035;;0.0963;;;;;;;0.0006;0.0034;;0.0009;;;;;;;;0.002;;;;;;;0.0114;;;0.0001;
238;831;131.1;ons feb 26, 2020 - 10:29:22;User;2;%;;;;;238;Mining;54.8366;0.3423;0.5799;43.6667;0.0246;0.0552;0.144;0.111;0.0145;;0.0042;;0.0831;;;;;;;;0.0005;0.0009;0.0567;;;;;;;;0.0047;;;;;;;0.0748;;;0.0004;
241;901;133.08;tor feb 27, 2020 - 15:06:58;User;2;%;;;;;241;Mining;61.0016;;3.7351;30.4797;0.0918;0.3498;0.969;1.0503;0.3997;0.0019;0.0061;0.0129;1.6124;;;0.0013;0.0087;;;0.0077;0.0081;0.003;0.0324;0.0009;;;;;0.0015;;0.0303;;;;;;;0.1912;0.002;;0.0027;
244;904;131.88;tor feb 27, 2020 - 15:19:16;User;2;%;;;;;244;Mining;54.4553;0.4303;0.7091;43.5349;0.0422;0.1868;0.1253;0.1327;0.2426;;0.0028;;0.1189;;;;0.0014;;;0.0003;0.0007;;0.0019;;;;;;0.0008;;;;;;;;;0.0121;;;0.0001;
245;905;132.47;tor feb 27, 2020 - 15:22:16;User;2;%;;;;;245;Mining;53.922;0.3045;0.4114;44.9972;;0.0297;0.1035;0.1453;0.024;;;;0.0299;;;;;;;0.0006;0.0001;;0.004;;;;;;0.0004;;0.0095;;;;;;;0.0091;;;;
246;906;131.67;tor feb 27, 2020 - 15:26:03;User;2;%;;;;;246;Mining;55.0761;;0.466;43.8215;0.0238;0.1128;0.2119;0.1446;0.0454;;0.0012;;0.0419;;;;0.0013;;;0.0005;;;0.0066;;;;;;;;0.0101;;;;;;;0.0143;;;0.0001;
249;910;133.32;tor feb 27, 2020 - 15:39:41;User;2;%;;;;;249;Mining;0.0314;;1.0826;95.2548;0.2486;0.7811;1.1405;0.5531;0.1747;;0.0349;0.24;;0.0036;;;;;;;;;;;;;;;0.0042;;0.2254;;;;;;;0.2252;;;;
251;912;134.95;tor feb 27, 2020 - 15:55:49;User;2;%;;;;;251;Mining;55.3713;0.4233;0.7007;42.5984;0.0592;0.1538;0.2367;0.2054;0.1033;0.0008;0.0039;;0.0735;;;;0.0016;;;0.0006;0.0006;0.0001;0.0183;;;;;;;;0.0126;;;;;;;0.0357;;;0.0001;
253;914;132.2;tor feb 27, 2020 - 16:04:28;User;2;%;;;;;253;Mining;55.9396;;0.5838;42.994;0.0277;0.0819;0.0379;0.1361;0.0272;;0.0032;;0.0603;;;;;;;0.0002;0.0001;0.0005;0.0199;;;;;;;;0.0145;;;;;;;0.0729;;;0.0002;
254;915;134.4;tor feb 27, 2020 - 16:08:18;User;2;%;;;;;254;Mining;57.1997;0.3277;0.3992;41.5151;0.0249;0.0803;0.1193;0.1365;0.0492;;0.0037;;0.0561;;;;;;;0.0003;0.0001;;0.0143;;;;;;0.0004;;0.0186;;;;;;;0.0545;;;;
255;916;132.37;tor feb 27, 2020 - 16:12:46;User;2;%;;;;;255;Mining;64.8955;;0.5934;33.8748;0.0297;0.0382;0.2414;0.2084;0.0324;;;;0.0412;;;;;;;0.0005;0.0002;;0.0042;;;;;;0.0009;;0.0244;;;;;;;0.0147;;;;
258;920;130.97;fre feb 28, 2020 - 10:46:07;User;2;%;;;;;258;Mining;57.2675;0.3276;0.579;41.0623;0.0487;0.1035;0.1219;0.2843;0.0788;;0.0025;;0.0995;;;;;;;0.0029;;;0.0024;;;;;;0.0004;;0.0092;;;;;;;0.0095;;;;
259;919;133.82;fre feb 28, 2020 - 10:23:33;User;2;%;;;;;259;Mining;0.0198;3.035;1.3084;90.9672;0.1628;0.4399;2.6609;0.8654;0.1413;;0.0301;0.1467;0.0147;0.0032;;;;;;;;;;;;;;;;;;;;;;;;0.2046;;;;
260;921;134.27;fre feb 28, 2020 - 10:55:29;User;2;%;;;;;260;Mining;56.2604;;0.2422;43.2626;;0.0394;0.0925;0.0531;0.0144;;0.0046;;0.0084;;;;;;;;0.0004;;0.0007;;;;;;0.0006;;0.0128;;;;;;;0.0077;;;;
261;922;133.52;fre feb 28, 2020 - 10:58:52;User;2;%;;;;;261;Mining;57.4461;;0.0964;41.9599;;0.0893;0.1371;0.0565;0.0268;;0.01;;0.0045;;;;;;;;;;0.0005;;;;;;;;0.0102;;;;;;;0.0032;;;;
262;923;133.61;fre feb 28, 2020 - 11:02:06;User;2;%;;;;;262;Mining;57.7006;0.2386;0.4758;41.046;0.0148;0.0633;0.2843;0.0984;0.0358;;0.0034;;0.0073;;;;0.0005;;;0.0001;0.0011;;0.0031;;;;;;;;0.0131;;;;;;;0.0137;;;0.0001;
264;925;132.86;fre feb 28, 2020 - 11:12:40;User;2;%;;;;;264;Mining;61.4214;0.6612;0.6462;36.4268;0.0324;0.0997;0.1779;0.3545;0.0216;0.0003;0.001;;0.1181;;;;0.0004;;;0.0014;0.0005;;0.0017;;;;;;0.0005;;0.0201;;;;;;;0.0142;;;;
265;926;133.3;fre feb 28, 2020 - 11:16:14;User;2;%;;;;;265;Mining;;;2.3467;95.5883;0.2662;0.2512;0.5152;0.5788;0.1305;;0.0147;0.1838;0.0155;0.0033;;;;;;;;;;;;;;;;;0.0517;;;;;;;0.0782;;;;
267;928;135.17;fre feb 28, 2020 - 11:24:19;User;2;%;;;;;267;Mining;54.7816;0.2583;0.341;44.1171;0.031;0.0789;0.1292;0.0762;0.0119;;0.0032;;0.1452;;;;;;;0.0002;0.0001;;0.0067;;;;;;;;0.0024;;;;;;;0.0169;;;0.0001;
268;929;133.06;fre feb 28, 2020 - 11:27:34;User;2;%;;;;;268;Mining;55.7623;0.3022;1.0688;42.0843;0.0485;0.0825;0.1004;0.2295;0.0456;;0.0051;;0.2211;;;;0.0003;;;0.001;0.0006;;0.0055;;;;;;0.0006;;0.0069;;;;;;;0.0348;;;;
269;930;134.29;fre feb 28, 2020 - 13:12:02;User;2;%;;;;;269;Mining;54.3375;;0.7652;44.5674;0.0206;0.0623;0.0247;0.0957;0.0121;;0.0041;;0.0945;;;;;0.0001;;0.0003;0.0012;;0.0025;;;;;;;;;;;;;;;0.012;;;;
272;933;131.8;fre feb 28, 2020 - 13:21:56;User;2;%;;;;;272;Mining;0.0089;;1.5859;94.6675;0.2952;0.5908;1.0594;0.7113;0.2295;;0.0223;0.1656;0.0137;0.0022;;;;;;;;;;;;;;;;;0.1203;;;;;;;0.5274;;;;
278;938;132.63;fre feb 28, 2020 - 13:47:32;User;2;%;;;;;278;Mining;56.7692;;0.5456;42.0186;0.0244;0.0734;0.1707;0.1333;0.0279;0.0006;0.0046;;0.0544;;;;;;;0.0004;0.0001;0.0004;0.0178;;;;;;0.0004;;0.015;;;;;;;0.0712;;;0.0001;
280;942;133.6;fre feb 28, 2020 - 14:03:54;User;2;%;;;;;280;Mining;;1.5525;2.2224;93.8998;0.1669;0.432;0.6475;0.4418;0.2104;;0.0245;0.1635;0.0095;0.0046;;;;;;;;;;;;;;;0.0036;;0.0976;;;;;;;0.2014;;;;
281;943;133.43;fre feb 28, 2020 - 14:07:14;User;2;%;;;;;281;Mining;56.8468;0.274;0.5144;41.8131;0.0286;0.1381;0.075;0.1089;0.0656;;0.0034;;0.054;;;;;;;0.0002;0.0002;;0.0144;;;;;;;;0.0132;;;;;;;0.05;;;0.0002;
282;944;133.23;fre feb 28, 2020 - 14:10:50;User;2;%;;;;;282;Mining;55.2394;;0.3825;44.0052;0.0133;0.0544;0.0842;0.0615;0.0391;;0.0034;;0.0579;;;;;;;;0.001;;0.0042;;;;;;0.0004;;0.0118;;;;;;;0.0416;;;0.0001;
283;945;132.2;fre feb 28, 2020 - 14:24:02;User;2;%;;;;;283;Mining;57.1379;0.3668;2.6176;39.2041;0.0274;0.2152;0.1101;0.1012;0.0973;0.0004;0.0033;;0.0608;;;;0.0059;;;;0.005;;0.0065;;;;;;;;0.0113;;;;;;;0.029;;;0.0002;
284;946;133.26;fre feb 28, 2020 - 14:27:30;User;2;%;;;;;284;Mining;0.0245;;1.6376;94.3456;0.2109;0.8124;1.234;0.7029;0.4169;;0.0174;0.1879;0.0152;0.0038;;;;;;;;;;;;;;;;;0.2066;;;;;;;0.1844;;;;
359;1056;133.44;ons mar 18, 2020 - 09:59:22;User;2;%;;;;;359;Mining;0.0233;2.3009;2.342;94.4014;;0.185;;0.2587;0.0715;;0.005;0.1733;0.0122;;;;;;;;;;;;;;;;0.0042;;0.1669;;;;;;;0.0555;;;;
377;1408;130.86;tor apr 9, 2020 - 09:11:55;User;2;%;;;;;377;Mining;59.1637;;0.5334;38.4456;0.0314;0.7221;0.273;0.1852;0.174;;0.0032;0.0041;0.2374;;;;0.0398;0.0001;;0.0004;0.0005;;0.0166;;;;;;;;0.0182;;;;;;;0.1304;;;0.0003;
378;1409;134.64;tor apr 9, 2020 - 09:17:36;User;2;%;;;;;378;Mining;52.202;;0.5819;45.9528;0.019;0.0442;0.1411;0.0903;0.0189;0.0012;0.0043;;0.5034;;;;;;;;0.0006;0.0026;0.0821;0.0005;;;;;0.0008;;0.0133;;;;;;;0.1839;;;0.0009;
384;1416;131.94;tor apr 9, 2020 - 09:43:34;User;2;%;;;;;384;Mining;63.625;0.2834;0.5714;35.02;0.0326;0.0223;0.0801;0.0602;0.0089;;0.0027;;0.2353;;;;;;;0.0001;;;0.0052;;;;;;0.0007;;0.0169;;;;;;;0.0354;;;;
385;1417;133.41;tor apr 9, 2020 - 09:46:32;User;2;%;;;;;385;Mining;55.4057;;1.7706;42.3854;0.03;0.0342;0.0619;0.1087;0.015;;0.003;;0.0173;;;;;;;0.0001;0.0023;;0.0016;;;;;;;;0.0084;;;;;;;0.0132;;;;
386;1418;133.19;tor apr 9, 2020 - 09:50:09;User;2;%;;;;;386;Mining;58.9328;0.2568;0.7762;38.8005;0.0515;0.1529;0.1929;0.1703;0.0636;;0.004;;0.5157;;;;;;;0.0006;0.0001;;0.0096;;;;;;;;0.0049;;;;;;;0.0656;;;0.0002;
387;1419;132.38;tor apr 9, 2020 - 09:54:03;User;2;%;;;;;387;Mining;55.9537;0.3515;0.8088;42.4726;0.0261;0.034;0.1498;0.1221;0.0168;;0.0036;;0.0502;;;;;;;0.0001;0.0015;;0.0011;;;0.0002;;;0.0005;;;;;;;;;0.0075;;;;
388;1420;133.49;tor apr 9, 2020 - 09:57:25;User;2;%;;;;;388;Mining;55.4442;;0.3716;43.8987;0.0272;0.0513;;0.0692;0.0304;;0.0046;;0.0071;;;;;;;;;;;;;;;;0.0005;;0.0034;;;;;;;0.0061;;;;
390;1422;134.18;tor apr 9, 2020 - 10:03:23;User;2;%;;;;;390;Mining;0.031;;1.7591;94.0688;0.2569;0.4765;1.7912;0.7821;0.244;;0.0241;0.1833;0.0101;0.0029;;;;;;;;;;;;;;;;;0.3445;;;;;;;0.0257;;;;
391;1423;132.71;tor apr 9, 2020 - 10:07:19;User;2;%;;;;;391;Mining;55.8906;;0.3044;43.0357;0.0367;0.2306;0.1757;0.12;0.0636;;0.0025;;0.1195;;;;0.002;;;;0.0003;;0.0012;;;;;;;;0.0067;;;;;;;0.0105;;;;
392;1424;132.18;tor apr 9, 2020 - 10:10:20;User;2;%;;;;;392;Mining;57.2919;;0.3419;41.3524;0.0287;0.2253;0.2182;0.1127;0.2735;;0.0084;;0.0591;;;;0.0016;;;0.0002;0.0001;;0.0069;;;;;;0.0004;;0.0049;;;;;;;0.0097;;;0.0002;
393;1425;132.6;tor apr 9, 2020 - 10:13:45;User;2;%;;;;;393;Mining;57.2579;0.6965;1.4051;39.4706;0.0494;0.2623;0.5032;0.1952;0.0645;;0.0028;;0.0508;;;;0.0017;;;;0.0049;;0.0014;;;;;;0.0005;;0.0126;;;;;;;0.0195;0.0009;;;
394;1426;132.36;tor apr 9, 2020 - 10:16:50;User;2;%;;;;;394;Mining;55.428;0.2839;1.1751;42.2016;0.0488;0.0512;0.2118;0.5024;0.0326;;0.004;;0.0301;;;;;;;0.0011;0.0022;;0.0046;;;0.0002;;;0.0005;;0.0059;;;;;;;0.0158;;;0.0001;
396;1428;132.8;tor apr 9, 2020 - 10:23:53;User;2;%;;;;;396;Mining;52.5314;0.5507;7.0989;34.3795;0.0431;0.1534;;3.0856;0.0662;0.0121;0.0111;;1.3557;;;;0.0019;0.0004;;0.0218;0.0038;0.0028;0.0363;0.0015;;0.0003;0.0002;0.0003;0.0007;;0.0213;;;;;;;0.6188;0.0008;;0.0015;
397;1429;133.93;tor apr 9, 2020 - 10:26:58;User;2;%;;;;;397;Mining;;;4.5133;93.2629;0.2056;0.4412;0.3013;0.3318;0.0929;;0.0237;0.184;0.0117;0.0023;;;;;;;;;;;;;;;;;0.0692;;;;;;;0.6175;;;;
400;1432;132.74;tor apr 9, 2020 - 10:36:41;User;2;%;;;;;400;Mining;54.8014;0.3946;0.2877;44.2528;;0.0732;0.087;0.0736;0.0092;;0.0062;;;;;;;;;;;;;;;;;;;;0.0104;;;;;;;0.004;;;;
401;1433;133.91;tor apr 9, 2020 - 10:39:46;User;2;%;;;;;401;Mining;55.726;0.3493;0.8966;42.2547;0.0545;0.0817;0.2204;0.1223;0.0274;;0.0026;0.0022;0.2246;;;;;0.0002;;;0.0008;;0.004;;;;;;;;0.007;;;;;;;0.0257;;;0.0001;
402;1434;132.94;tor apr 9, 2020 - 10:42:58;User;2;%;;;;;402;Mining;54.4243;0.2783;0.7481;44.243;0.0269;0.0341;0.0528;0.0555;0.0137;;0.0028;;0.072;;;;;;;;0.0001;;0.0055;;;;;;0.0004;;0.0136;;;;;;;0.0287;;;0.0001;
403;1435;132.87;tor apr 9, 2020 - 10:46:08;User;2;%;;;;;403;Mining;53.4569;;0.7299;44.8625;0.0336;0.0818;0.1361;0.1169;0.0223;;0.0026;;0.3074;;;;;;;0.0003;0.0001;;0.0104;;;;;;0.0006;;;;;;;;;0.0511;;;0.0002;
404;1436;131.88;tor apr 9, 2020 - 10:49:24;User;2;%;;;;;404;Mining;56.6696;;0.713;41.5187;0.0263;0.1263;0.0207;0.1447;0.0442;0.0012;0.0016;0.0034;0.3636;;;;;;;0.0005;0.0005;;0.0102;;;;;;0.0004;;0.012;;;;;;;0.142;;;0.0001;
405;1437;132.76;tor apr 9, 2020 - 10:52:25;User;2;%;;;;;405;Mining;54.5361;;0.3563;44.8473;0.0201;0.0295;0.035;0.0303;0.0296;;0.0028;;0.0816;;;;;;;;0.0002;;0.0022;;;;;;0.0005;;0.0139;;;;;;;0.0147;;;;
406;1438;132.38;tor apr 9, 2020 - 10:55:17;User;2;%;;;;;406;Mining;54.5136;0.6137;0.5202;43.9247;0.0228;0.0378;0.1128;0.0883;0.015;;0.0027;;0.0681;;;;;;;0.0002;0.0003;;0.0071;;;;;;0.0005;;0.0125;;;;;;;0.0594;;;0.0002;
407;1439;132.15;tor apr 9, 2020 - 10:58:52;User;2;%;;;;;407;Mining;55.4051;;0.2526;43.902;0.0129;0.0298;0.1764;0.0988;0.0182;;0.0023;;0.0163;;;;;;;;;;0.0019;;;;;;;;0.0065;;;;;;;0.0072;;;;
408;1440;132.14;tor apr 9, 2020 - 11:01:57;User;2;%;;;;;408;Mining;55.3655;;0.5748;43.6382;0.0194;0.0457;0.1696;0.1047;0.0195;;0.0065;;0.0267;;;;;;;0.0003;0.0003;;0.0023;;;;;;;;0.0032;;;;;;;0.023;;;0.0001;
410;1442;132.83;tor apr 9, 2020 - 11:15:36;User;2;%;;;;;410;Mining;0.0178;;3.2222;91.031;0.1697;1.8269;1.2095;1.043;0.6162;0.0038;0.0243;0.2049;0.0145;0.0039;;;;;;;;;;;;;;;0.0049;;0.1936;;;;;;;0.4136;;;;
411;1443;134.97;tor apr 9, 2020 - 11:18:32;User;2;%;;;;;411;Mining;0.0177;;2.973;93.82;0.2641;0.3564;0.5689;0.9906;0.1327;0.0039;0.0181;0.2166;0.0125;0.0021;;;;;;;;;;;;;;;0.0069;;0.2039;;;;;;;0.4126;;;;
413;1445;131.34;tor apr 9, 2020 - 11:24:36;User;2;%;;;;;413;Mining;57.9653;;0.5312;40.817;0.0295;0.0229;0.068;0.1681;0.0242;0.0005;0.0027;;0.1034;;;;;;;0.0004;0.0002;;0.0134;;;;;;0.0004;;0.0158;;;;;;;0.0818;;;0.0001;
414;1446;131.07;tor apr 9, 2020 - 11:27:44;User;2;%;;;;;414;Mining;61.0078;;1.5914;36.7164;0.0225;0.0946;0.0081;0.2663;0.042;;0.003;;0.0873;;;;;;;;0.0011;0.0005;0.0249;;;;;;;;0.0136;;;;;;;0.1205;;;0.0002;
415;1447;134.16;tor apr 9, 2020 - 11:30:46;User;2;%;;;;;415;Mining;0.0223;;5.0815;90.4719;0.1479;1.2218;0.885;1.0519;0.2958;;0.019;0.2215;;0.0028;;;;;;;;;;;;;;;0.0074;;0.2902;;;;;;;0.281;;;;
416;1448;133.3;tor apr 9, 2020 - 11:33:44;User;2;%;;;;;416;Mining;59.7785;;0.9186;38.6409;;0.0296;0.0166;0.2381;0.0305;0.0006;0.0036;;0.0859;;;;;;;0.0002;0.0001;;0.002;;;;;;0.0009;;0.0173;;;;;;;0.0462;;;;
417;1449;135.21;tor apr 9, 2020 - 11:36:45;User;2;%;;;;;417;Mining;56.7433;0.2927;0.7303;41.333;0.0466;0.042;0.1174;0.1165;0.0237;0.0006;0.0029;;0.4507;;;;;;;0.0002;0.0003;;0.0066;;;;;;0.0007;;0.0158;;;;;;;0.0746;0.0022;;;
424;1456;131.96;tor apr 9, 2020 - 11:58:49;User;2;%;;;;;424;Mining;65.9039;;0.5942;33.0073;0.0527;0.0381;0.046;0.0829;0.0107;0.0006;0.0032;;0.1102;;;;;;;0.0002;0.0002;0.0008;0.0371;;;;;;;;0.0165;;;;;;;0.0951;;;0.0003;
425;1457;132.03;tor apr 9, 2020 - 12:01:41;User;2;%;;;;;425;Mining;57.091;;0.4691;41.9746;0.0593;0.0297;0.0389;0.0701;0.0063;;0.0037;;0.1471;;;;;;;0.0003;0.0002;0.0001;0.0302;;;;;;0.0007;;0.0134;;;;;;;0.0648;;;0.0003;
426;1458;131;tor apr 9, 2020 - 12:04:40;User;2;%;;;;;426;Mining;62.5989;;0.5488;36.3347;0.0607;0.0324;0.031;0.0662;0.014;;0.0029;;0.2371;;;;;;;0.0001;0.0001;;0.0147;;;;;;;;0.0091;;;;;;;0.0492;;;;
427;1459;132.14;tor apr 9, 2020 - 12:07:50;User;2;%;;;;;427;Mining;0.0019;;1.747;96.005;0.3868;0.1691;0.4095;0.2265;0.0339;;0.0355;0.1566;0.0145;0.0029;;;;;;;;;;;;;;;0.006;;0.1435;;;;;;;0.6613;;;;
428;1460;132.71;tor apr 9, 2020 - 12:11:02;User;2;%;;;;;428;Mining;0.0221;1.7429;3.133;91.5677;0.3212;0.4044;1.1703;0.8358;0.1622;;0.0221;0.1911;0.0103;0.0021;;;;;;;;;;;;;;;0.0046;;0.1865;;;;;;;0.2236;;;;
429;1461;132.88;tor apr 9, 2020 - 12:13:58;User;2;%;;;;;429;Mining;56.1704;;1.4203;41.3798;0.0361;0.1487;0.0624;0.6149;0.0531;;0.0035;;0.0549;;;;;;;0.0013;0.0022;;0.0038;;;;;;;;0.0283;;;;;;;0.0204;;;;
430;1462;133.45;tor apr 9, 2020 - 12:16:55;User;2;%;;;;;430;Mining;57.9417;;0.5807;40.4636;0.1011;0.1868;0.3782;0.171;0.044;;0.0042;;0.0702;;;;0.0013;;;;0.0002;;0.0046;;;;;;0.0005;;0.0138;;;;;;;0.0371;0.0011;;;
431;1463;132.93;tor apr 9, 2020 - 12:19:41;User;2;%;;;;;431;Mining;56.6145;0.3227;0.2176;42.3626;0.0192;0.1739;0.1094;0.0679;0.0866;0.0004;0.0012;;0.0064;;;;0.002;;;;;;0.0014;;;;;;;;0.008;;;;;;;0.0062;;;;
432;1464;132;tor apr 9, 2020 - 12:22:38;User;2;%;;;;;432;Mining;65.0966;;0.6946;33.6966;0.0591;0.019;0.091;0.1787;0.0618;;0.002;;0.0601;;;;;;;;0.0015;;0.0015;;;;;;0.0006;;0.0099;;;;;;;0.0271;;;;
